doc_id,page,proposed_subsection,toc_subsection,reason,top_lines_snippet
Grampian-2019-2020,28,S RESPONSIBILITIES AS THE ACCOUNTABLE OFFICER OF THE HEALTH BOARD,,allow_list_reject(score=0.167),"ii) STATEMENT OF THE CHIEF EXECUTIVE’S RESPONSIBILITIES AS THE ACCOUNTABLE OFFICER OF THE HEALTH BOARD Under Section 15 of the Public Finance and Accountability (Scotland) Act, 2000, The Principal Accountable Officer (PAO) of the Scottish Government has appointed me as Accountable Officer of Grampian Health Board. This designation carries with it, responsibility for: ▪ The propriety and regularity of financial transactions under my control; ▪ The economical, efficient and effective use of resources placed at the Board’s disposal; and ▪ Safeguarding the assets of the Board. In preparing the Accounts I am required to comply with the requirements of the Government Financial Reporting Manual and in particular to: ▪ Observe the accounts direction issued by the Scottish Ministers including the relevant accounting and disclosure requirements and apply suitable accounting policies on a consistent basis; ▪ Make judgements and estimates on a reasonable basis; ▪ State whether applicable accounting standards as set out in the Government Financial Reporting Manual have been followed and disclose and explain any material departures; and ▪ Prepare the accounts on a going concern basis. I confirm that the Annual Report and Accounts as a whole are fair, balanced and reasonable and take personal responsibility for the Annual Report and Accounts and the judgements required for determining that it is fair, balanced and understandable. I am responsible for ensuring proper records are maintained and that the Accounts are prepared under the principles and in the format directed by Scottish Ministers. To the best of my knowledge and belief, I have properly discharged my responsibilities as Accountable Officer as intimated in the Departmental Accountable Officers letter to me of 17 April 2019."
Grampian-2019-2020,41,"A key component of the mobilisation plan outlined above, was a revised organisational",,allow_list_reject(score=0.214),"5.1.1 d) Operational Management arrangements during COVID-19 response A key component of the mobilisation plan outlined above, was a revised organisational command and control structure that operated throughout the COVID-19 response phase. This had three formal levels for direction and decision making as follows:- ➢ Gold Response Group, to provide strategic direction and co-ordinate the sourcing of support from the Local Resilience Partnership. Chaired by the Chief Executive and accountable directly to the Board; ➢ Silver Response Group, to co-ordinate the allocation of resources in line with agreed priorities, and provide tactical planning to identify and address emerging issues. This included ensuring appropriate decisions were made with respect to advice, commissioning and prioritising relevant ‘task and finish’ groups/cells and direction of the Board Control Centre (BCC). Chaired by the Medical Director and Executive Director of Nursing and accountable to the Chief Executive; and ➢ Bronze Response Groups, one for each operational area to provide advice to the Silver response Group and enable implementation of decisions and directions relating to commissioned work-streams. All Bronze level Accountable Officers are accountable to the Medical Director and Executive Director of Nursing. 5.1.1 e) Heightened Cyber Security and Fraud risks Throughout the COVID-19 response and recovery period the Board have been cognisant of the heightened risk of fraud and the increased number of scams targeted at both individual members of the public and organisations such as NHS Grampian, providing essential services during these challenging times. The following enhanced arrangements have been introduced :- ➢ Our eHealth team implemented additional multi-tiered cyber security tools to provide better levels of protection at both the network border and endpoints and developed monthly Key Performance Indicators to check and act on vulnerabilities. ➢ R eminders were issued using the COVID daily briefing asking all staff to remain vigilant to the heightened risks. ➢ T he weekly intelligence bulletin prepared by NHS Counter Fraud services summarising COVID-19 related fraud risks, from all available sources across the public sector, is distributed internally to members of the Board’s Security Group. ➢ Where it was not possible to follow normal financial governance arrangements for procurement or payment in support of the Board’s COVID mobilisation and recovery plans, these matters were delegated upwards to either the Deputy Director of Finance or the Assistant Director of Finance to ensure that key risk areas such as procurement without competition, payment in advance of need or payment to new suppliers were subject to appropriate challenge in terms of service risk/need, Value For Money, supplier track record, that the goods ordered actually existed and verification of supplier standing data such as bank details. Any requests for supplier relief under the Scottish Government procurement guidance were managed in the"
Grampian-2019-2020,55,A SENIOR EMPLOYEES,i) Director’s Report,allow_list_reject(score=0.432),"NHS GRAMPIAN REMUNERATION REPORT FOR THE YEAR ENDED 31 MARCH 2020 Publication of pension benefits is required in accordance with the Financial Reporting Manual (FReM) and the Companies Act (2006). This calculation aims to bring public bodies in line with other industries in disclosing an assessed cumulative pension benefit for a standard 20 year period, which is the estimated life span following retirement. The other figures shown as part of the single total figure of remuneration relate to actual earnings payable in 2019/20. Sub Total Value of Pension Total accrued Performance Real increase in Total accrued lump Real increase in earnings Benefits (to be Total pension at Cash Equivalent Cash Equivalent Salary (bands of Related Bonus pension at sum at pensionable lump sum at Real increase in paid in Benefits in Kind paid over 20 Remuneration pensionable age at Transfer Value Transfer Value £5,000) (bands of pensionable age age at 31 March 2020 pensionable age CETV in year Notes 2019/20 years following (bands of £5,000) 31 March 2020 (CETV) at 31/3/19 (CETV) at 31/3/20 £5,000) (bands of £2,500) (bands of £5,000) (bands of £2,500) (see (bands of retirement) (bands of £5,000) below) £5,000) £000 £000 £000 £000 £000 £000 £000 £000 £000 £000 £000 £000 £000 Remuneration of: Executive Members Professor Amanda Croft a 150-155 0 0.0 150-155 115 265-270 50-55 5-7.5 150-155 15-17.5 963 1,105 128 Professor Nick Fluck 200-205 0 0.0 200-205 0 200-205 55-60 0 175-180 0 1,265 1,294 29 Mr Alan Gray b 125-130 0 5.4 130-135 36 165-170 25-30 2.5-5 0 0 321 370 49 Dr Caroline Hiscox c 100-105 0 0.0 100-105 37 135-140 25-30 0-2.5 50-55 0-2.5 390 429 39 Mrs Susan Webb d 80-85 0 0.0 80-85 36 115-120 45-50 2.5-5 105-110 0-2.5 826 890 64 Non Executive Members Chair - Professor Lynda Lynch 35-40 0 0 35-40 N/A 35-40 N/A N/A N/A N/A N/A N/A N/A Vice Chair - Mrs Rhona Atkinson g 30-35 0 0 30-35 N/A 30-35 N/A N/A N/A N/A N/A N/A N/A Mrs Amy Anderson g 15-20 0 0 15-20 N/A 15-20 N/A N/A N/A N/A N/A N/A N/A Professor Siladitya Bhattacharya (from 1 July 2019) h 5-10 0 0 5-10 N/A 5-10 N/A N/A N/A N/A N/A N/A N/A Ms Kim Cruttenden e 90-95 0 0 90-95 23 110-115 15-20 0-2.5 35-40 0-2.5 262 285 23 Councillor Isobel Davidson 5-10 0 0 5-10 N/A 5-10 N/A N/A N/A N/A N/A N/A N/A Mr Albert Donald (from 1 February 2020) i 0-5 0 0 0-5 N/A 0-5 N/A N/A N/A N/A N/A N/A N/A Ms Joyce Duncan g 15-20 0 0 15-20 N/A 15-20 N/A N/A N/A N/A N/A N/A N/A Mrs Luan Grugeon g 25-30 0 0 25-30 N/A 25-30 N/A N/A N/A N/A N/A N/A N/A Miss Rachael Little f/g 60-65 0 0 60-65 16 75-80 10-15 0-2.5 0 0 117 128 11 Councillor Douglas Lumsden 5-10 0 0 5-10 N/A 5-10 N/A N/A N/A N/A N/A N/A N/A Councillor Shona Morrison 5-10 0 0 5-10 N/A 5-10 N/A N/A N/A N/A N/A N/A N/A Mr Jonathan Passmore g 25-30 0 0 25-30 N/A 25-30 N/A N/A N/A N/A N/A N/A N/A Mr Sandy Riddell g 15-20 0 0 15-20 N/A 15-20 N/A N/A N/A N/A N/A N/A N/A Mr Dennis Robertson g 15-20 0 0 15-20 N/A 15-20 N/A N/A N/A N/A N/A N/A N/A Mr John Tomlinson g 15-20 0 0 15-20 N/A 15-20 N/A N/A N/A N/A N/A N/A N/A SENIOR EMPLOYEES Dr Adam Coldwells (from 28 October 2020) j 55-60 0 0 55-60 19 75-80 45-50 2.5-5 105-110 0-2.5 810 871 61 NOTES : a) Professor Amanda Croft was the accountable officer for NHS Grampian throughout 2019/20. First as Interim Chief Executive and then following her permanent appointment as Chief Executive from 12th April 2019. b) During the period 1 April 2019 to 30 June 2019 Mr Alan Gray was Director of Finance for both NHS Grampian and NHS Tayside. Both roles were performed as an employee of NHS Grampian and 45% of Mr Grays salary for the period 1 April 2019 to 30 June 2019 was recharged to NHS Tayside.The remuneration disclosed above represents the 55% of cost met by NHS Grampian for the period 1 April 2019 to 30 June 2019 and 100% of cost from 1 July 2019 when Mr Gray reverted to a full time role as Director of Finance for NHS Grampian.The disclosed pension figures relate to service accrued in both his NHS Grampian and NHS Tayside roles and includes additional years purchased at his own personal cost. c) Dr Caroline Hiscox was appointed Executive Nurse Director on 24 September 2019. Prior to this, Dr Hiscox was seconded in to the role on an acting basis. d) Mrs Susan Webb was Director of Public Health for both NHS Grampian and NHS Shetland. Both roles were performed as an employee of NHS Grampian and 26% of Mrs Webb's salary was recharged to NHS Shetland under a Service Level Agreement between the two Boards.The remuneration disclosed above represents the 74% of cost met by NHS Grampian during 2019/20. The disclosed pension figures relate to service accrued in both NHS Grampian and NHS Shetland roles and includes additional years purchased at her own personal cost. e) The remuneration disclosure for Ms Kim Cruttenden includes total earnings both in her role as a Senior Clinical Pharmacist with NHS Grampian and for her additional duties as an NHS Board member. f) Miss Rachael Little worked in a full time capacity as Employee Director of NHS Grampian. g) Non Executive Board Members who were members of the Integration Joint Boards and who assumed additional responsibilities during the year received additional remuneration. h) Professor Siladitya Bhattacharya was appointed to the Board on 1 July 2019. His full year equivalent salary was in the range £5k-£10k. i) Mr Albert Donald was appointed to the Board on 1 February 2020. His full year equivalent salary was in the range £5k-£10k j) Dr Adam Coldwells was seconded to the post of Director of Strategy and Deputy Chief Executive on 28 October 2019.The earnings figure disclosed above relates to the period 28 October 2019 to 31 March 2020. The full year equivalent salary is in the range £130k - £135k. 52"
Grampian-2019-2020,64,I have audited the financial statements in the annual report and accounts of Grampian,i) Director’s Report,allow_list_reject(score=0.250),"Report on the audit of the financial statements Opinion on financial statements I have audited the financial statements in the annual report and accounts of Grampian Health Board and its group for the year ended 31 March 2020 under the National Health Service (Scotland) Act 1978. The financial statements comprise the Consolidated Statement of Comprehensive Net Expenditure, the Consolidated Statement of Financial Position, the Consolidated Cash Flow Statement, the Consolidated Statement of Changes in Taxpayers’ Equity and notes to the accounts, including a summary of significant accounting policies. The financial reporting framework that has been applied in their preparation is applicable law and International Financial Reporting Standards (IFRSs) as adopted by the European Union, and as interpreted and adapted by the 2019/20 Government Financial Reporting Manual (the 2019/20 FReM). In my opinion the accompanying financial statements: - give a true and fair view in accordance with the National Health Service (Scotland) Act 1978 and directions made thereunder by the Scottish Ministers of the state of the affairs of the board and its group as at 31 March 2020 and of the net expenditure for the year then ended; - have been properly prepared in accordance with IFRSs as adopted by the European Union, as interpreted and adapted by the 2019/20 FReM; and - have been prepared in accordance with the requirements of the National Health Service (Scotland) Act 1978 and directions made thereunder by the Scottish Ministers. Basis of opinion I conducted my audit in accordance with applicable law and International Standards on Auditing (UK) (ISAs (UK)), as required by the Code of Audit Practice approved by the Auditor General for Scotland. My responsibilities under those standards are further described in the auditor’s responsibilities for the audit of the financial statements section of my report. I was appointed by the Auditor General on 18 July 2016. The period of total uninterrupted appointment is four years. I am independent of the board and its group in accordance with the ethical requirements that are relevant to my audit of the financial statements in the UK including the Financial Reporting Council’s Ethical Standard, and I have fulfilled my other ethical responsibilities in accordance with these requirements. Non-audit services prohibited by the Ethical Standard were not provided to the board. I believe that the audit evidence I have obtained is sufficient and appropriate to provide a basis for my opinion. Emphasis of matter: valuation of land and buildings I draw attention to section 7.2.2 of the Performance Report, ‘Property Valuation’ and section 29 of Note 1: Accounting Policies in the financial statements, ‘Key sources of judgement, estimation and uncertainty’ which describe the effects of a material uncertainty, caused by Covid-19, declared in the valuation report for land and buildings. My opinion is not modified in respect of this matter."
Grampian-2019-2020,65,I have nothing to report in respect of the following matters in relation to which the ISAs,i) Director’s Report,allow_list_reject(score=0.220),"Conclusions relating to going concern basis of accounting I have nothing to report in respect of the following matters in relation to which the ISAs (UK) require me to report to you where: - the use of the going concern basis of accounting in the preparation of the financial statements is not appropriate; or - the board has not disclosed in the financial statements any identified material uncertainties that may cast significant doubt about its ability to continue to adopt the going concern basis of accounting for a period of at least twelve months from the date when the financial statements are authorised for issue. Risks of material misstatement I have reported in a separate Annual Audit Report, which is available from the Audit Scotland website , the most significant assessed risks of material misstatement that I identified and my conclusions thereon. Responsibilities of the Accountable Officer for the financial statements As explained more fully in the Statement of the Chief Executive's Responsibilities as the Accountable Officer, the Accountable Officer is responsible for the preparation of financial statements that give a true and fair view in accordance with the financial reporting framework, and for such internal control as the Accountable Officer determines is necessary to enable the preparation of financial statements that are free from material misstatement, whether due to fraud or error. In preparing the financial statements, the Accountable Officer is responsible for assessing the ability of the board and its group to continue as a going concern, disclosing, as applicable, matters related to going concern and using the going concern basis of accounting unless deemed inappropriate. Auditor’s responsibilities for the audit of the financial statements My objectives are to obtain reasonable assurance about whether the financial statements as a whole are free from material misstatement, whether due to fraud or error, and to issue an auditor’s report that includes my opinion. Reasonable assurance is a high level of assurance, but is not a guarantee that an audit conducted in accordance with ISAs (UK) will always detect a material misstatement when it exists. Misstatements can arise from fraud or error and are considered material if, individually or in the aggregate, they could reasonably be expected to influence the economic decisions of users taken on the basis of these financial statements. The risk of not detecting a material misstatement resulting from fraud is higher than for one resulting from error, as fraud may involve collusion, intentional omissions, misrepresentations, or the override of internal control. The capability of the audit to detect fraud and other irregularities depends on factors such as the skilfulness of the perpetrator, the frequency and extent of manipulation, the degree of collusion involved, the relative size of individual amounts manipulated, and the seniority of those individuals involved. I therefore design and perform audit procedures which respond to the assessed risks of material misstatement due to fraud. A further description of the auditor’s responsibilities for the audit of the financial statements is located on the Financial Reporting Council's website www.frc.org.uk/auditorsresponsibilities . This description forms part of my auditor’s report."
Grampian-2019-2020,67,"I am required by the Auditor General for Scotland to report to you if, in my opinion:",i) Director’s Report,allow_list_reject(score=0.314),"Matters on which I am required to report by exception I am required by the Auditor General for Scotland to report to you if, in my opinion: - adequate accounting records have not been kept; or - the financial statements and the audited part of the Remuneration and Staff Report are not in agreement with the accounting records; or - I have not received all the information and explanations I require for my audit - there has been a failure to achieve a prescribed financial objective. I have nothing to report in respect of these matters. Conclusions on wider scope responsibilities In addition to my responsibilities for the annual report and accounts, my conclusions on the wider scope responsibilities specified in the Code of Audit Practice are set out in my Annual Audit Report. Use of my report This report is made solely to the parties to whom it is addressed in accordance with the Public Finance and Accountability (Scotland) Act 2000 and for no other purpose. In accordance with paragraph 120 of the Code of Audit Practice, I do not undertake to have responsibilities to members or officers, in their individual capacities, or to third parties. Gillian Woolman MA FCA CPFA Audit Director Audit Scotland 4th Floor 102 West Port Edinburgh EH3 9DN 03 September 2020"
Grampian-2019-2020,75,Note 1. ACCOUNTING POLICIES,i) Director’s Report,allow_list_reject(score=0.174),"1) Authority In accordance with the accounts direction issued by Scottish Ministers under the Public Finance and Accountability (Scotland) Act 2000 appended, these Accounts have been prepared in accordance with the Government Financial Reporting Manual (FReM) issued by HM Treasury, which follows International Financial Reporting Standards as adopted by the European Union (IFRS as adopted by the EU), IFRIC Interpretations and the Companies Act 2006 to the extent that they are meaningful and appropriate to the public sector. They have been applied consistently in dealing with items considered material in relation to the accounts. The preparation of financial statements in conformity with IFRS requires the use of certain critical accounting estimates. It also requires management to exercise its judgement in the process of applying the accounting policies. The areas involving a higher degree of judgement or complexity, or areas where assumptions and estimates are significant to the financial statements are disclosed in section 29 below. 1(a) Disclosure of new accounting standards There were no new standards, amendments and interpretations effective in 2019/20 for the first time. 1(b) Standards, amendments and interpretations early adopted this year There were no new standards, amendments or interpretations early adopted this year. 1(c) Standards issued but not yet effective The following standards have been issued but are not yet effective: - IFRS 16 – Leases (IAS 17 replacement); - IFRS 17 Insurance Contracts (new). IFRS 16 Leases supersedes IAS 17 Leases and is being applied by HM Treasury in the Government Financial Reporting Manual (FReM) from 1 April 2021. IFRS 16 introduces a single lessee accounting model that results in a more faithful representation of a lessee’s assets and liabilities, and provides enhanced disclosures to improve transparency of reporting on capital employed. Under IFRS 16, lessees are required to recognise assets and liabilities for leases with a term of more than 12 months, unless the underlying asset is of low value. While no standard definition of ‘low value’ has been mandated, NHS Scotland have elected to utilise the capitalisation threshold of £5,000 to determine the assets to be disclosed. NHS Grampian expects that its existing finance leases will continue to be classified as leases. All existing operating leases will fall within the scope of IFRS 16 under the ‘grandfathering’ rules mandated in the FReM for the initial transition to IFRS 16. In future years new contracts and contract renegotiations will be reviewed for consideration under IFRS 16 as implicitly identified right-of-use assets. Assets recognised under IFRS 16 will be held on the Statement of Financial Position as (i) right of-use assets which represent the Board’s"
Grampian-2019-2020,76,Note 1. ACCOUNTING POLICIES (cont),i) Director’s Report,allow_list_reject(score=0.196),"The bringing of leased assets onto the Statement of Financial Position will require depreciation and interest to be charged on the right-of-use asset and lease liability, respectively. Cash repayments will also be recognised in the Statement of Cash Flows, as required by IAS 7. Impact of the new standard IFRS 16 was due to be applied by HM Treasury in the Government Financial Reporting Manual from 1 April 2020, however in light of COVID-19 pressures, implementation in the public sector has been deferred to 2021/22. The Board had assessed the impact that the application of IFRS 16 would have on the Consolidated Statement of Comprehensive Net Expenditure (SOCNE) for the financial year ending 31 March 2021 and on the Statement of Financial Position (SOFP) at that date. The standard is expected to increase total expenditure by £0.8 million. Right-of-use assets totalling £45.2 million will be brought onto the Statement of Financial Position, with an associated lease liability of £43.8 million. IFRS 16 – Impacts to the SoCNE £m 2020-21 anticipated depreciation 4.221 2020-21 interest expense expected 0.705 2020-21 IAS 17-basis rental payments expected (4.125) Net impact to SoCNE in the year to 31 March 2021 0.801 IFRS 16 – Impacts to the SoFP £m Right-to-use asset as at 1 April 2020 40.632 Net additions/(disposals) to right-of-use asset as at 31 March 2021 8.787 2020-21 anticipated depreciation (4.221) Net right-of-use asset as at 31 March 2021 45.198 Existing IAS 17 operating leases brought on at 1 April 2020 (39.018) Liability associated with additions/disposals as 31 March 2021 (8.220) 2020-21 principal 3.419 Net liability as at 31 March 2021 (43.819) 2) Basis of Consolidation In accordance with IFRS 10 – Consolidated Financial Statements, the Annual Accounts consolidate the results of Grampian Health Board Endowment Fund (operating as NHS Grampian Endowment Funds) which were established by the NHS (Scotland) Act 1978. The legal framework under which charities operate in Scotland is the Charities and Trustee Investment (Scotland) Act 2005. Under the 1978 Act Endowment Trustees are also members of the NHS Board, who are appointed by Scottish Ministers. NHS Grampian Endowment Funds is a Registered Charity with the Office of the Charity Regulator of Scotland (OSCR) and is required to prepare and submit audited financial statements to OSCR on an annual basis. The accounts of the charity have been prepared in accordance with applicable UK accounting standards, the Statement of Recommended Practice - “Accounting and Reporting by Charities” (SORP 2015) effective 1 January 2015 and comply with the Charities and Trustee Investment (Scotland) Act 2005 and the Charities Accounts (Scotland) Regulations 2006. The accounting policies have been aligned to the policies of the Board for the purposes of consolidation. Any intra-group transactions between the Board and the Endowment Fund have been eliminated on consolidation."
Grampian-2019-2020,77,Note 1. ACCOUNTING POLICIES (cont),i) Director’s Report,allow_list_reject(score=0.196),"Effective from 2016/17 the Board has also disclosed its interest in the three Integration Joint Boards (IJBs); Moray, Aberdeen City and Aberdeenshire, established under the terms of the Public Bodies (Joint Working) (Scotland) Act 2014 and associated secondary legislation. In accordance with IFRS 11 – Joint Arrangements each IJB is considered to be a Joint Venture and the primary financial statements have been amended for the additional disclosure required to accurately reflect the interest of IJBs using the equity method of accounting in accordance with IAS 28 – Investments in Associates and Joint arrangements. 3) Retrospective Restatements There are no adjustments to prior year figures required to be reflected in the accounts. 4) Going Concern The accounts are prepared on a going concern basis, which provides that the Board members have a reasonable expectation that the entity will continue in operational existence for the foreseeable future. 5) Accounting Convention The Accounts are prepared on a historical cost basis, as modified by the revaluation of property, plant and equipment and available for sale financial assets and liabilities. Fair value is defined as the amount for which an asset could be exchanged between knowledgeable, willing parties in an arms-length transaction. 6) Funding 6 (a) Grampian Health Board Most of the expenditure of the Health Board as Commissioner is met from funds advanced by the Scottish Government within an approved revenue resource limit (RRL) . Cash drawn down to fund expenditure within this approved revenue resource limit is credited to the general fund. All other income receivable by the board that is not classed as funding is recognised when the transfer of goods or services (the performance obligation) is satisfied. Where income is received for goods or services that will not be delivered in the current financial year, that income is deferred. Income from the sale of non-current assets is recognised only when all material conditions of sale have been met, and is measured as the sums due under the sale contract. Non-discretionary funding out-with the RRL is allocated to match actual expenditure incurred for the provision of specific pharmaceutical, dental or ophthalmic services identified by the Scottish Government. Non-discretionary expenditure is disclosed in the accounts and deducted from operating costs charged against the RRL in the Statement of Resource Outturn. Funding for the acquisition of capital assets received from the Scottish Government is credited to the general fund when cash is drawn down."
Grampian-2019-2020,78,Note 1. ACCOUNTING POLICIES (cont),i) Director’s Report,allow_list_reject(score=0.196),"Expenditure on goods and services is recognised when, and to the extent that they have been received, and is measured at the fair value of those goods and services. Expenditure is recognised in the Statement of Comprehensive Net Expenditure except where it results in the creation of a non-current asset such as property, plant and equipment in which case it is recognised in the Balance Sheet. 6(b) NHS Grampian Endowment Funds All incoming resources are recognised once the NHS Grampian Endowment Funds has received its entitlement to the resources, it is probable that the resources will be received and the monetary value of incoming resources can be measured with sufficient reliability. Legacies and donations to the NHS Grampian Endowment Funds are accounted for as incoming resources upon confirmation of legal entitlement and classified as restricted or unrestricted based on the donors stated wishes. Income from investment of charitable endowment funds is earmarked as restricted or unrestricted based on the classification of the original legacy or donation in line with the donor’s stated wishes. All expenditure, including grants, is accounted for on an accruals basis and is only incurred where this will further the charitable objects of the NHS Grampian Endowment Funds. All expenditure is recognised once there is a legal or constructive obligation committing the fund to the expenditure. A liability for grants relating to the funding of salaries is recognised when the Trustees have granted approval. Where this relates to NHS Grampian employees, these balances will be eliminated on consolidation. 7) Property, plant and equipment The treatment of capital assets e.g. Property, Plant and Equipment in the accounts (capitalisation, valuation, depreciation, particulars concerning donated assets) is in accordance with the NHS Scotland Capital Accounting Manual. Title to properties included in the accounts is held by the Scottish Ministers. 7(a) Recognition Property, Plant and Equipment is capitalised where: it is held for use in delivering services or for administrative purposes; it is probable that future economic benefits will flow to, or service potential be provided to, the Board; it is expected to be used for more than one financial year; and the cost of the item can be measured reliably. All assets falling into the following categories are capitalised: 1) Property, plant and equipment assets which are capable of being used for a period which could exceed one year, and have a cost equal to or greater than £5,000. 2) In cases where a new hospital would face an exceptional write off of items of equipment costing individually less than £5,000, the Board has the option to capitalise initial revenue equipment costs with a standard life of 10 years. 3) Assets of lesser value may be capitalised where they form part of a group of similar assets purchased at approximately the same time and cost over £20,000 in total, or where they are part of the initial costs of equipping a new development"
Grampian-2019-2020,79,Note 1. ACCOUNTING POLICIES (cont),i) Director’s Report,allow_list_reject(score=0.196),"7(b) Measurement Valuation: All property, plant and equipment assets are measured initially at cost, representing the costs directly attributable to acquiring or constructing the asset and bringing it to the location and condition necessary for it to be capable of operating in the manner intended by management. All assets that are not held for their service potential (i.e. investment properties and assets held for sale), including operational assets which are surplus to requirements where there are no restrictions on disposal which would prevent access to the market, are measured subsequently at fair value as follows: Specialised NHS land, buildings, equipment, installations and fittings are stated at depreciated replacement cost, as a proxy for fair value as specified in the FReM. Non-specialised land and buildings, such as offices, are stated at fair value. Valuations of all land and building assets are reassessed by valuers under an agreed programme. All property assets are subject to a full professional valuation at least every 5 years, but more frequently should market forces dictate, and adjusted in intervening years to take account of movements in prices since the latest valuation. The valuations are carried out in accordance with the Royal Institute of Chartered Surveyors (RICS) Appraisal and Valuation Manual insofar as these terms are consistent with the agreed requirements of the Scottish Government; Non-specialised equipment, installations and fittings are stated at fair value. Boards value such assets using the most appropriate valuation methodology available (for example, appropriate indices). A depreciated historical cost basis is a proxy for fair value in respect of such assets which have short useful lives or low values (or both); and Assets under construction are held at cost until operational. Thereafter they are valued as above in accordance with all other assets in the same category. These assets are also subject to impairment review. To meet the underlying objectives established by the Scottish Government the following accepted variations of the RICS Appraisal and Valuation Manual have been required: Specialised operational assets are valued on a modified replacement cost basis to take account of modern substitute building materials and locality factors only. Operational assets which are in use delivering front line services or back office functions, and surplus assets with restrictions on their disposal, are valued at current value in existing use. Assets have been assessed as surplus where there is no clear plan to bring the asset back into future use as an operational asset. Subsequent expenditure: Expenditure is capitalised into an asset’s carrying value when it is probable the future economic benefits associated with the item will flow to the Board and the cost can be measured reliably. Where subsequent expenditure does not meet these criteria, the expenditure is charged to the Statement of Comprehensive Net Expenditure. If part of an"
Grampian-2019-2020,80,Note 1. ACCOUNTING POLICIES (cont),i) Director’s Report,allow_list_reject(score=0.196),"For large complex backlog maintenance projects the nature of the work can vary significantly as the programme progresses and it is often difficult to accurately analyse work in progress between the aspects of the programme that will deliver future economic benefit, i.e. the capital expenditure, from the aspects of the programme that are ongoing maintenance activities i.e. the revenue expenditure. In these circumstances, all expenditure is charged and carried initially as an Asset Under Construction in the Board’s ledger. On completion of each significant stage of the project, the final out turn expenditure is analysed between revenue and capital based on the completed scope. Revenue expenditure is charged to the Statement of Comprehensive Net Expenditure and the capitalised expenditure is then subject to an impairment review based on an interim valuation of the completed work by the Board’s independent valuation advisors. Revaluations and Impairment: Increases in asset values arising from revaluations are recognised in the revaluation reserve, except where, and to the extent that, they reverse impairment previously recognised in the Statement of Comprehensive Net Expenditure, in which case they are recognised as income. Movements on revaluation are considered for individual assets rather than groups or land/buildings together. Permanent decreases in asset values and impairments are charged gross to the Statement of Comprehensive Net Expenditure. Any related balance on the revaluation reserve is transferred to the general fund. Upward movements in value will be taken to the revaluation reserve and included in comprehensive net expenditure. Temporary decreases in asset value or impairments are charged to the revaluation reserve to the extent there is an available balance for the asset concerned, and thereafter to the Statement of Comprehensive Net Expenditure. Gains and losses on revaluation are reported in the Statement of Comprehensive Net Expenditure. 7(c) Depreciation Items of Property, Plant and Equipment are depreciated to their estimated residual value over their remaining useful economic lives in a manner consistent with the consumption of economic or service delivery benefits. Depreciation is charged on each main class of tangible asset as follows: 1) Freehold land is considered to have an infinite life and is not depreciated. 2) Property, Plant and Equipment which has been reclassified as ‘Held for Sale’ and non-operational assets which have been declared surplus cease to be depreciated upon the reclassification. 3) Buildings, installations and fittings are depreciated on current value over the estimated remaining life of the asset, as advised by the appointed valuer. They are assessed in the context of the maximum useful lives for building elements. 4) Equipment is depreciated over the estimated life of the asset. 5) Property, plant and equipment held under finance leases are depreciated over"
Grampian-2019-2020,81,Note 1. ACCOUNTING POLICIES (cont),i) Director’s Report,allow_list_reject(score=0.196),"Depreciation is charged on a straight-line basis using an assessment of the remaining useful economic life determined by the Board’s appointed valuers. The following asset lives have been used: Useful Life Buildings Structure 20-90 Buildings Engineering 5-35 Moveable engineering plant and equipment and equipment and long- life medical equipment 10 Furniture and medium-life medical 5-10 equipment Vehicles and soft furnishings 7-10 Office, information technology, short- life medical and other equipment 2-5 8) Intangible Assets 8(a) Recognition Intangible assets are non-monetary assets without physical substance which are capable of being sold separately from the rest of the Board’s business or which arise from contractual or other legal rights. They are recognised only where it is probable that future economic benefits will flow to, or service potential be provided to, the Board and where the cost of the asset can be measured reliably. Intangible assets that meet the recognition criteria are capitalised when they are capable of being used in the Board’s activities for more than one year and they have a cost of at least £5,000. The main classes of intangible assets recognised are: Internally generated intangible assets : Internally generated publishing titles, customer lists and similar items are not capitalised as intangible assets. Expenditure on research is not capitalised."
Grampian-2019-2020,82,Note 1. ACCOUNTING POLICIES (cont),i) Director’s Report,allow_list_reject(score=0.196),"Software: Software which is integral to the operation of hardware e.g. an operating system is capitalised as part of the relevant item of property, plant and equipment. Software which is not integral to the operation of hardware e.g. application software, is capitalised as an intangible asset. Software licences : Purchased computer software licences are capitalised as intangible fixed assets where expenditure of at least £5,000 is incurred and the life of the licence exceeds one year. Websites: Websites are capitalised only when it is probable that future economic benefits will flow to, or service potential be provided to, the Board; where the cost of the asset can be measured reliably, and where the cost is at least £5,000. 8(b) Measurement Valuation: Intangible assets are recognised initially at cost, comprising all directly attributable costs needed to create, produce and prepare the asset to the point that it is capable of operating in the manner intended by management. Subsequently intangible assets that are not held for their service potential (i.e. assets held for sale), including operational assets which are surplus to requirements where there are no restrictions on disposal which would prevent access to the market, are measured at fair value. Where an active (homogeneous) market exists, intangible assets are carried at fair value. Where no active market exists, the intangible asset is revalued, using indices or some suitable model, to the lower of depreciated replacement cost and value in use where the asset is income generating. Where there is no value in use, the intangible asset is valued using depreciated replacement cost. These measures are a proxy for fair value. Revaluation and impairment: Increases in asset values arising from revaluations are recognised in the revaluation reserve, except where, and to the extent that, they reverse impairment previously recognised in the Statement of Comprehensive Net Expenditure, in which case they are recognised in income. Permanent decreases in asset values and impairments are charged gross to the Statement of Comprehensive Net Expenditure. Any related balance on the revaluation reserve is transferred to the general fund. Upward movements in value will be taken to the revaluation reserve and included in comprehensive net expenditure. Temporary decreases in asset value or impairments are charged to the revaluation reserve to the extent there is an available balance for the asset"
Grampian-2019-2020,83,Note 1. ACCOUNTING POLICIES (cont),i) Director’s Report,allow_list_reject(score=0.196),"Intangible assets held for sale are reclassified to ‘non-current assets held for sale’ measured at the lower of their carrying amount or ‘fair value less costs to sell’. Operational assets which are in use delivering front line services or back office functions, and surplus assets with restrictions on their disposal, are valued at current value in existing use. Assets have been assessed as surplus where there is no clear plan to bring the asset back into future use as an operational asset. 8 (c) Amortisation Intangible assets are amortised to their estimated residual value over their remaining useful economic lives in a manner consistent with the consumption of economic or service delivery benefits. Amortisation is charged to the Statement of Comprehensive Net Expenditure on each main class of intangible asset as follows: 1) Software: amortised over expected useful life; 2) Software licences: amortised over the shorter term of the licence and their useful economic lives; 3) Other intangible assets: amortised over their expected useful life; and 4) Intangible assets which have been reclassified as ‘Held for Sale’ cease to be amortised upon the reclassification. Amortisation is charged on a straight-line basis. The following asset lives have been used: Useful Life Information technology 2-5 9) Non-current assets held for sale Non-current assets intended for disposal are reclassified as ‘Held for Sale’ once all of the following criteria are met: - The asset is available for immediate sale in its present condition subject only to terms which are usual and customary for such sales; and - The sale must be highly probable i.e. : ➢ management are committed to a plan to sell the asset; ➢ an active programme has begun to find a buyer and complete the sale; ➢ the asset is being actively marketed at a reasonable price; ➢ the sale is expected to be completed within 12 months of the date of classification as ‘Held for Sale’; and ➢ the actions needed to complete the plan indicate it is unlikely that the plan will be dropped or significant changes made to it. Following reclassification, the assets are measured at the lower of their existing carrying amount and their ‘fair value less costs to sell’. Depreciation ceases to be charged and the assets are not revalued, except where the ‘fair value less costs to sell’ falls below the carrying amount. Assets are de-recognised when all material sale contract conditions have"
Grampian-2019-2020,84,Note 1. ACCOUNTING POLICIES (cont),i) Director’s Report,allow_list_reject(score=0.196),"Property, plant and equipment which is to be scrapped or demolished does not qualify for recognition as ‘Held for Sale’ and instead is retained as an operational asset and the asset’s economic life is adjusted. The asset is de-recognised when scrapping or demolition occurs. 10) Donated Assets Charitable donations and legacies for the benefit of health services in Grampian are generally either made to the NHS Grampian Endowment Funds, a separate legal organisation and registered charity or to one of the many independent healthcare related charitable organisations that exist within Grampian e.g. Hospital Friends groups. Where these charitable organisations, including the NHS Grampian Endowment Funds, or from time to time an individual philanthropic donor, provides grant funding to support the purchase or construction of a physical asset, then NHS Grampian will recognise the grant funding as income within the Statement of Comprehensive Net Expenditure (SOCNE). NHS Grampian will ensure that all donations are utilised in line with any specific conditions attached by the donor. The resulting asset will be capitalised on the Statement of Financial position (SOFP) initially at the current full replacement cost. The accounting treatment, including the method of valuation, follows the rules in the NHS Capital Accounting Manual, as set out above. 11) Sale of property, plant and equipment, intangible assets and non-current assets held for sale Disposal of non-current assets is accounted for as a reduction to the value of assets equal to the net book value of the assets disposed. When set against any sales proceeds, the resulting gain or loss on disposal will be recorded in the Statement of Comprehensive Net Expenditure. Non-current assets held for sale will include assets transferred from other categories and will reflect any resultant changes in valuation. 12) Leasing 12(a) Finance leases Where substantially all risks and rewards of ownership of a leased asset are borne by the Board, the asset is recorded as Property, Plant and Equipment and a corresponding liability is recorded. Assets held under finance leases are valued at their fair values and are depreciated over the remaining period of the lease. The asset and liability are recognised at the inception of the lease, and are de-recognised when the liability is discharged, cancelled or expires. The minimum lease payments (annual rental less operating costs e.g. maintenance and contingent rental) are apportioned between the repayment of the outstanding liability and a finance charge. The annual finance charge is allocated to each period during the lease term so as to produce a constant periodic rate of interest on the remaining balance of the liability using either the implicit interest rate or another relevant basis of estimation such as the sum of the digits method. Finance charges are recorded as interest payable in the Statement of Comprehensive Net Expenditure. Contingent rental and operating costs are charged as expenses in the periods in which they are incurred."
Grampian-2019-2020,85,Note 1. ACCOUNTING POLICIES (cont),i) Director’s Report,allow_list_reject(score=0.196),"12(b) Operating leases Other leases are regarded as operating leases and the rentals are charged to expenditure on a straight-line basis over the term of the lease. Operating lease incentives received are added to the lease rentals and charged to expenditure over the life of the lease. 12(c) Leases of land and buildings Where a lease is for land and buildings, the land component is separated from the building component and the classification for each is assessed separately. Leased land is treated as an operating lease unless title to the land is expected to transfer. 12(d) HUB Schemes Transactions financed as revenue transactions through the Scottish Government’s HUB initiative are accounted for in accordance with the HM Treasury application of IFRIC 12, Service Concession Arrangements as outlined in the FReM. Schemes which do not fall within the application of IFRIC 12 are deemed to be off-balance sheet. Transactions which meet the IFRIC 12 definition of a service concession, as interpreted in HM Treasury’s FReM, are accounted for as ‘on-balance sheet’ by the Board. The underlying assets are recognised as Property, Plant and Equipment and Intangible Assets at their fair value. An equivalent liability is recognised in accordance with IAS 17. Where it is not possible to separate the finance element from the service element of unitary payment streams this has been estimated from information provided by the operator and the fair values of the underlying assets. Assets are subsequently revalued in accordance with the treatment specified for their applicable asset categories. The annual contract payments are apportioned between the repayment of the liability, a finance cost and the charges for services. The finance cost is calculated using the implicit interest rate for the scheme. The service charge and the finance cost interest element are charged in the Statement of Comprehensive Net Expenditure. 13) Impairment of non-financial assets Assets that are subject to depreciation and amortisation are reviewed for impairment whenever events or changes in circumstances indicate that the carrying amount may not be recoverable. An impairment loss is recognised for the amount by which the asset’s carrying amount exceeds its recoverable amount. The recoverable amount is the higher of an asset’s fair value less costs to sell and value in use. Where an asset is not held for the purpose of generating cash flows, value in use is assumed to equal the cost of replacing the service potential provided by the asset, unless there has been a reduction in service potential. For the purposes of assessing impairment, assets are grouped at the lowest levels for which there are separately identifiable cash flows (cash-generating units). Non- financial assets that suffer impairment are reviewed for possible reversal of the impairment. Impairment losses charged to the Statement of Comprehensive Net Expenditure are deducted from future operating costs to the extent that they are identified as being reversed in subsequent revaluations."
Grampian-2019-2020,86,Note 1. ACCOUNTING POLICIES (cont),i) Director’s Report,allow_list_reject(score=0.196),"14) General Fund Receivables and Payables Where the Health Board has a positive net cash book balance at the year end, a corresponding creditor is created and the general fund debited with the same amount to indicate that this cash is repayable to the SGHSCD. Where the Health Board has a net overdrawn cash position at the year end, a corresponding debtor is created and the general fund credited with the same amount to indicate that additional cash is to be drawn down from the SGHSCD. 15) Inventories Inventories are valued at the lower of cost and net realisable value. Taking into account the high turnover of NHS inventories, the use of average purchase price is deemed to represent current cost for certain categories of inventories. Work in progress is valued at the cost of the direct materials plus the conversion costs and other costs incurred to bring the goods up to their present location, condition and degree of completion. 16) Losses and Special Payments Operating expenditure includes certain losses which would have been made good through insurance cover had the NHS not been bearing its own risks. Had the NHS provided insurance cover, the insurance premiums would have been included as normal revenue expenditure. 17) Employee Benefits 17(a) Short-term Employee Benefits Salaries, wages and employment-related payments are recognised in the year in which the service is received from employees. The cost of annual leave and flexible working time entitlement earned but not taken by employees at the end of the year is recognised in the financial statements to the extent that employees are permitted to carry-forward leave into the following year. 17(b) Pension Costs The Board participates in the NHS Superannuation Scheme for Scotland providing defined benefits, where contributions are credited to the Exchequer and are deemed to be invested in a portfolio of Government Securities. The scheme was revised on 1 April 2015 to extend the retirement age to the State Pension age and to calculate benefits on a career average re-valued earnings basis (CARE). The previous scheme was split in to two sections, 1995 and 2008, and any benefits earned by members prior to 1 April 2015 are protected and will be paid at the sections normal pension age using final pensionable pay when members leave or retire. Some members who were close to retirement when the NHS 2015 scheme launched will continue to earn benefits in their current section. This may affect members who were paying into the scheme on 1 April 2012 and were within 10 years of their normal retirement age. Some members who were close to retirement but did not qualify for full protection will remain in their current section beyond 1 April 2015 and join the 2015 scheme at a later date."
Grampian-2019-2020,87,Note 1. ACCOUNTING POLICIES (cont),i) Director’s Report,allow_list_reject(score=0.196),"The Board is unable to identify its share of the underlying notional assets and liabilities of the scheme on a consistent and reasonable basis and therefore accounts for the scheme as if it were a defined contribution scheme, as required by IAS 19 ‘Employee Benefits’. As a result, the amount charged to the Statement of Comprehensive Net Expenditure represents the Board’s employer contributions payable to the scheme in respect of the year. The contributions deducted from employees are reflected in the gross salaries charged and are similarly remitted to Exchequer. The pension cost is assessed every five years by the Government Actuary who determines the rate of contributions required. The most recent actuarial valuation is published by the Scottish Public Pensions Agency and is available on their website. Additional pension liabilities arising from early retirements are not funded by the scheme except where the retirement is due to ill-health. The full amount of the liability for the additional costs is charged to the Statement of Comprehensive Net Expenditure at the time the Board commits itself to the retirement, regardless of the method of payment. 18) Clinical and Medical Negligence Costs Employing health bodies in Scotland are responsible for meeting medical negligence costs up to a threshold per claim. Costs above this threshold are reimbursed to Boards from a central fund held as part of the Clinical Negligence and Other Risks Indemnity Scheme (CNORIS) by the Scottish Government. NHS Grampian provide for all claims notified to the NHS Central Legal Office according to the value of the claim and the probability of settlement. Claims assessed as ‘Category 3’ are deemed most likely and provided for in full, those in ‘Category 2’ at 50% of the claim and those in ‘Category 1’ at nil. The balance of the value of claims not provided for is disclosed as a contingent liability. This procedure is intended to estimate the amount considered to be the liability in respect of any claims outstanding and which will be recoverable from the Clinical Negligence and Other Risks Indemnity Scheme in the event of payment by an individual health body. The corresponding recovery in respect of amounts provided for is recorded as a debtor and that in respect of amounts disclosed as contingent liabilities are disclosed as contingent assets. As a participant in the CNORIS scheme the Board is also liable to meet the cost of contributions to the scheme in future years and is required, additionally, to provide for the Board’s share of the total CNORIS liability of NHS Scotland as advised by the Scottish Government and based on information prepared by NHS Boards and the Central Legal Office. The movement in the provisions between financial years is matched by a corresponding adjustment in AME provision and is classified as non-core expenditure. 19) Related Party Transactions Material related party transactions are disclosed in note 21 in line with the requirements of IAS 24. Transactions with other NHS bodies for the commissioning of health care are summarised in Note 3."
Grampian-2019-2020,88,Note 1. ACCOUNTING POLICIES (cont),i) Director’s Report,allow_list_reject(score=0.196),"20) Value Added Tax Most of the activities of the Board are outside the scope of VAT and, in general, output tax does not apply and input tax on purchases is not recoverable. Irrecoverable VAT is charged to the relevant expenditure category or included in the capitalised purchase cost of property, plant and equipment. Where output tax is charged or input VAT is recoverable, the amounts are stated net of VAT. 21) Provisions The Board provides for legal or constructive obligations that are of uncertain timing or amount at the Statement of Financial Position date on the basis of the best estimate of the expenditure required to settle the obligation. Where the effect of the time value of money is significant, the estimated cash flows are discounted using the discount rate prescribed by HM Treasury. 22) Contingencies Contingent assets (that is, assets arising from past events whose existence will only be confirmed by one or more future events not wholly within the Board’s control) are not recognised as assets, but are disclosed in note 14 where an inflow of economic benefits is probable. Contingent liabilities are not recognised, but are disclosed in note 14, unless the probability of a transfer of economic benefits is remote. Contingent liabilities are defined as: - possible obligations arising from past events whose existence will be confirmed only by the occurrence of one or more uncertain future events not wholly within the entity’s control; or - present obligations arising from past events but for which it is not probable that a transfer of economic benefits will arise or for which the amount of the obligation cannot be measured with sufficient reliability. 23) Corresponding Amounts Corresponding amounts are shown for the primary statements and notes to the financial statements. Where the corresponding amounts are not directly comparable with the amount to be shown in respect of the current financial year, IAS 1 ‘Presentation of Financial Statements’, requires that they should be adjusted and the basis for adjustment disclosed in a note to the financial statements. 24) Financial Instruments 24(a) Financial assets Business model The Board’s business model refers to how it manages its financial assets in order to generate cash flows and is determined at a level which reflects how groups of financial assets are managed to achieve a business objective, rather than assessment of individual"
Grampian-2019-2020,89,Note 1. ACCOUNTING POLICIES (cont),i) Director’s Report,allow_list_reject(score=0.196),"Classification When the Board first recognises a financial asset, it classifies it based on its business model for managing the asset and the asset’s contractual flow characteristics. The Board classifies its financial assets in the following categories: at fair value through profit or loss, amortised cost, and fair value through other comprehensive income. The default basis for financial assets is to be held at fair value through profit or loss, although alternative treatment may be designated where receivables are held to collect principal and interest and/or for sale. (a) Financial assets at fair value through profit or loss This is the default basis for financial assets . (b) Financial assets held at amortised cost A financial asset may be held at amortised cost where both of the following conditions are met: i. the financial asset is held within a business model where the objective is to collect contractual cash flows; and ii. the contractual terms of the financial asset give rise to cash flows that are solely payments of principal and related interest. (c) Financial assets at fair value through other comprehensive income A financial asset may be held at fair value through other comprehensive income where both of the following conditions are met: i. the financial asset is held within a business model where the objective is to collect contractual cash flows and sell the asset; and ii. the contractual terms of the financial asset give rise to cash flows that are solely payments of principal and related interest. Impairment of financial assets Provisions for impairment of financial assets are made on the basis of expected credit losses. The Board recognises a loss allowance for expected credit losses on financial assets and this is recognised in other comprehensive income, rather than reducing the carrying amount of the asset in the Statement of Financial Position. Lifetime expected credit losses are recognised and applied to financial assets by the Board where there has been a significant increase in credit risk since the asset’s initial recognition. Where the Board does not hold reasonable and supportable information to measure lifetime expected credit losses on an individual instrument basis, the losses are recognised on a collective basis which considers comprehensive credit risk information."
Grampian-2019-2020,90,Note 1. ACCOUNTING POLICIES (cont),i) Director’s Report,allow_list_reject(score=0.196),"Recognition and measurement Financial assets are recognised when the Board becomes party to the contractual provisions of the financial instrument. Financial assets are derecognised when the rights to receive cash flows from the asset have expired or have been transferred and the Board has transferred substantially all risks and rewards of ownership. (a) Financial assets at fair value through profit or loss Financial assets carried at fair value through profit or loss are initially recognised at fair value, and transaction costs are expensed in the Statement of Comprehensive Net Expenditure. Financial assets carried at fair value through profit or loss are subsequently measured at fair value. Gains or losses arising from changes in the fair value are presented in the Statement of Comprehensive Net Expenditure . (b) Financial assets held at amortised cost Loans and receivables are recognised initially at fair value and subsequently measured at amortised cost using the effective interest method. This is calculated by applying the effective interest rate to the gross carrying amount of the asset. (c) Financial assets held at fair value through other comprehensive income Financial assets carried at fair value through other comprehensive income are initially recognised at fair value plus transaction costs that are directly attributable to the acquisition or issue of the financial asset. Financial assets carried at fair value through other comprehensive income are subsequently measured at fair value. Gains or losses arising from changes in the fair value are recognised in the Statement of Comprehensive Net Expenditure until the financial asset is derecognised or reclassified. (IFRS 9 - 5.7.10) 24)(b) Financial Liabilities Classification The Board classifies its financial liabilities in the following categories: at fair value through profit or loss, and amortised cost. The Board classifies all financial liabilities as measured at amortised cost, unless: i. these are measured at fair value on a portfolio basis in accordance with a documented risk management or investment strategy; ii. they contain embedded derivatives; and/or iii. it eliminates or reduces ‘accounting mismatch’ that would otherwise arise from measurement or recognition on an amortised costs basis."
Grampian-2019-2020,91,Note 1. ACCOUNTING POLICIES (cont),i) Director’s Report,allow_list_reject(score=0.196),"(a) Financial liabilities at fair value through profit or loss Financial liabilities at fair value through profit or loss comprise derivatives. Liabilities in this category are classified as current liabilities. The NHS Board does not trade in derivatives and does not apply hedge accounting. (b) Financial liabilities held at amortised cost Financial liabilities held at amortised cost are disclosed in current liabilities, except for maturities greater than 12 months after the Statement of Financial Position date. These are classified as non-current liabilities. The NHS Board’s financial liabilities held at amortised cost comprise trade and other payables in the Statement of Financial Position. Recognition and measurement Financial liabilities are recognised when the NHS Board becomes party to the contractual provisions of the financial instrument. A financial liability is removed from the Statement of Financial Position when it is extinguished, that is when the obligation is discharged, cancelled or expired. (a) Financial liabilities at fair value through profit or loss Financial liabilities carried at fair value through profit or loss are initially recognised at fair value, and transaction costs are expensed in the income statement. Financial liabilities carried at fair value through profit or loss are subsequently measured at fair value. Gains or losses arising from changes in the fair value are presented in the Statement of Comprehensive Net Expenditure. (b) Amortised costs Financial liabilities held at amortised cost are recognised initially at fair value and subsequently measured at amortised cost using the effective interest method. 25) Segmental reporting Operating segments are reported in a manner consistent with the internal reporting provided to the chief operating decision-maker, who is responsible for allocating resources and assessing performance of the operating segments. This has been identified as the senior management of the Board. Operating segments are unlikely to directly relate to the analysis of expenditure shown in Note 3. 26) Cash and cash equivalents Cash and cash equivalents includes cash in hand, deposits held on call with banks, cash balances held with the Government Banking Service and other short-term highly liquid investments with original maturities of three months or less, and bank overdrafts. Bank overdrafts are shown within borrowings in current liabilities on the balance sheet."
Grampian-2019-2020,92,A transaction which is denominated in a foreign currency is translated into the functional,i) Director’s Report,allow_list_reject(score=0.202),"27) Foreign exchange The functional and presentational currencies of the Board are sterling. A transaction which is denominated in a foreign currency is translated into the functional currency at the spot exchange rate on the date of the transaction. Where the Board has assets or liabilities denominated in a foreign currency at the Statement of Financial Position date: - monetary items (other than financial instruments measured at ‘fair value through profit or loss) are translated at the spot exchange rate on 31 March; - non-monetary assets and liabilities measured at historical cost are translated using the spot exchange rate at the date of the transaction; and - non-monetary assets and liabilities measured at fair value are translated using the spot exchange rate at the date the fair value was determined. Exchange gains or losses on monetary items (arising on settlement of the transaction or on re-translation at the balance sheet date) are recognised in income or expenditure in the period in which they arise. Exchange gains or losses on non-monetary assets and liabilities are recognised in the same manner as other gains and losses on these items. 28) Third party assets Assets belonging to third parties (such as money held on behalf of patients) are not recognised in the accounts since the Board has no beneficial interest in them. However, they are disclosed in note 20 in accordance with the requirements of HM Treasury’s Financial Reporting Manual. 29) Key sources of judgement, estimation and uncertainty Estimates and judgements are continually evaluated and are based on historical experience and other factors, including expectations of future events that are believed to be reasonable under the circumstances. The Board makes estimates and assumptions concerning the future. The resulting accounting estimates will, by definition, seldom equal the related actual results. The Board makes judgements in applying accounting policies. The estimates, assumptions and judgements that have a significant risk of causing a material adjustment to the carrying amounts of assets and liabilities within the financial statements within the next financial year are addressed below. Clinical and Medical Negligence Provision : The clinical and medical negligence provision is calculated using information received from the Central Legal Office regarding claims they have received relating to NHS Grampian. The provision covers all claims classified as category 3 and 50% of the value of claims in category 2 which have been assessed as having a probability of settlement. The share of the NHS Scotland CNORIS liability is estimated based on actual settlement trends in prior years. Pension Provision: The pension provision is calculated using information received from the Scottish Public Pension Agency (SPPA) relating to former NHS Grampian employees"
Grampian-2019-2020,93,Note 1. ACCOUNTING POLICIES (cont),i) Director’s Report,allow_list_reject(score=0.196),"Fair Value of Property, Plant & Equipment: The Board commissioned a valuation for 31 March 2020 which was performed in March 2020. Aberdeen Royal Infirmary and 20% of all other property was fully revalued and all remaining property, plant and equipment subject to a desktop valuation on the basis of local market related indices at 31 March 2020, and the impact of any impairment in value on operating costs agreed. Such indices, including zero indexation factors, were applied following consultation and advice from the Board’s Property Advisor. The basis of property valuation is explained in the performance report on page 16 above. In applying the Royal Institute of Chartered Surveyors (RICS) Valuation Global Standards (‘Red Book’), a material uncertainty has been declared in the valuation report. This is due to market uncertainties caused by COVID-19. The Red Book defines material uncertainty as ‘ where the degree of uncertainty in a valuation falls outside any parameters that might normally be expected and accepted .’* The valuation report has been used to inform the measurement of assets in these financial statements. Although the valuer has declared a material valuation uncertainty, the valuer has continued to exercise professional judgement in preparing the valuation and, therefore, this is the best information available to NHS Grampian as at 31 March 2020 and can be relied upon. ➢ The valuer has indicated the range of uncertainty attached to the valuation of Land is within a 10% tolerance. ➢ A 10% change in Land valuation would have a £3.2m impact on the Statement of Financial Position. ➢ Of the £507.96m netbook value of land and buildings subject to valuation, £444m relates to specialised assets valued on a depreciated replacement cost basis. Here the valuer bases their assessment on the cost to NHS Grampian of replacing the service potential of the assets; the uncertainty relates to the estimated costs of, rather than the extent of, service potential to be replaced. Leases: For all relevant agreements, NHS Grampian has made judgement as to whether substantially all the significant risks and rewards of ownership of leased assets are transferred in line with IAS 17."
Grampian-2019-2020,94,Note 2. A. SUMMARY OF CORE REVENUE RESOURCE OUTTURN,i) Director’s Report,allow_list_reject(score=0.229),"SUMMARY OF CORE REVENUE RESOURCE OUTTURN 2019/20 2019/20 £’000 £’000 Net expenditure 1,197,771 Total Non Core Expenditure (see below) (39,155) FHS Non Discretionary Allocation (56,812) Donated Assets Income 1,376 Endowment Net Operating Costs (1,190) Joint Ventures accounted for on an equity basis (2,167) Total Core Expenditure 1,099,823 Core Revenue Resource Limit 1,099,848 Saving/(excess) against Core Revenue Resource Limit 25 SUMMARY OF NON CORE REVENUE RESOURCE OUTTURN Depreciation/Amortisation 23,505 Annually Managed Expenditure - Impairments (399) Annually Managed Expenditure - Creation of Provisions 7,869 Annually Managed Expenditure - Depreciation of Donated Assets 1,398 Additional SGHSCD non-core funding 6,782 Total Non Core Expenditure 39,155 Non Core Revenue Resource Limit 39,155 Saving/(excess) against Non Core Revenue Resource Limit 0 SUMMARY RESOURCE OUTTURN Resource Expenditure Saving/(excess) £'000 £'000 £'000 Core 1,099,848 1,099,823 25 Non Core 39,155 39,155 0 Total 1,139,003 1,138,978 25"
